User_ID,account_nbr,Password_usr,email_usr
X3aB7kL9pR,23456789012345,ABCDEFGHIJKLMNOP1,john.doe123@gmail.com
Q2cD8eJ4hU,234567890123456,QRSTUVWXYZ2345678,emily.smith456@yahoo.com
W5gF6mN1oY,345678901234567,901234567ABCDEF23,david.jones789@outlook.com
A9bI3lR7tV,456789012345678,GHIJKLMNOPQRSTU45,sarah.miller101@aol.com
Z4dH2oG8qX,567890123456789,VWXYZ1234567890A,jason.white202@icloud.com
K6iL1pS3wT,678901234567890,1234567890ABCDE67,lisa.brown303@protonmail.com
C7uV2xY5zN,789012345678901,JKLMNOPQRSTU8901,mark.green404@live.com
M9aP4rH8jK,890123456789012,234567890ABCDEF23,jennifer.james505@mail.com
E3fU6oW1nX,901234567890123,UVWXYZ12345678AB,kevin.wilson606@yandex.com
D2qB7lY4sK,109876543210987,012345ABCDEFGHIJK,amanda.taylor707@zoho.com
V8hT9pA6yJ,210987654321098,NOPQRSTU12345678,brian.clark808@inbox.com
R1kL3uV7dX,321098765432109,9012345678ABCDE12,laura.white909@fastmail.com
G4oN2iP8mC,432109876543210,GHIJKLMNOPQRSTU34,robert.martin010@tutanota.com
B7wS5zR9xL,543210987654321,STU1234567890ABC,olivia.morris111@rocketmail.com
Y5vU6cT3iM,654321098765432,234567890ABCDEF56,mike.kelly212@mailinator.com
J9aW2kL7fH,765432109876543,UVWXYZ12345678AB,anna.robinson313@disposable.com
I3nF1qO6uP,876543210987654,9012345678ABCDEFG,matthew.anderson414@domain.com
H8rX4jG2pK,987654321098765,JKLMNOPQRSTU2345,emma.hill515@tempmail.com
Z2cV5xY7qA,987123456789012,678901234ABCDE123,chris.carter616@xyzmail.com
T7eN9mS1lR,876234567890123,HIJKLMNOPQRSTU567,sophia.evans717@example.com
Q6uH3dV4pW,765345678901234,WXYZ1234567890123,alex.baker818@fakeemail.com
X1wK7zY9mB,654456789012345,2345ABCDEFGHIJKLMNOP,julia.cooper919@testmail.com
U5sA8oP2vQ,543567890123456,890ABCDEF12345678,ryan.turner020@randommail.com
L9yF6gJ3nZ,432678901234567,DEFGHIJKLMNOPQRSTU,mia.ward121@fakemail.com
O4bX2cT7iD,321789012345678,567890ABCDE123456,ethan.fisher222@phantommail.com
P8jR1kL3aU,210890123456789,EFGHIJKLMNOPQRSTU,grace.foster323@hiddenmail.com
N3mW5oG7vZ,109901234567890,9012345678ABCDEFG,daniel.brooks424@secretmail.com
C7sV4pB9xK,123019876543210,GHIJKLMNOPQRSTU12,ava.cooper525@mysterymail.com
F2qU6rH1lX,234021098765432,345678ABCDEFGHIJKL,jacob.cook626@confidential.com
D9wI8oA5yJ,345032109876543,NOPQRSTU12345678A,emily.barnes727@covertmail.com
T3hS7wK4uL,456043210987654,9012ABCDEFGHIJKLM,william.king828@clandestine.com
Z6pN1yC8mX,567054321098765,LMNOPQRSTU12345AB,abigail.hall929@stealthmail.com
V7dO2jG5iR,678065432109876,67890ABCDEF123456,james.mitchell030@incognitomail.com
X9kL3uV1sH,789076543210987,567890ABCDE234567,lily.roberts131@ghostmail.com
G4rP8mB2qW,890087654321098,HIJKLMNOPQRSTU678,logan.gomez232@maskedmail.com
N1oY5vU7cT,901098765432109,VWXYZ12345678ABCD,mia.campbell333@camouflaged.com
E6iW9nS3xK,876098765432109,CDEFGHIJKLMNOPQRST,lucas.hall434@unseenmail.com
M2aP7jH8oR,765098765432109,WXYZ1234567890123,hannah.diaz535@invisiblemail.com
A5uQ3bL6sV,654098765432109,6789012ABCDEFGHIJK,jackson.stewart636@anonymous.com
Y7zR9xL2wK,543098765432109,JKLMNOPQRSTU34567,sophie.perry737@cryptomail.com
J3fT6oN1iX,432098765432109,6789ABCDEFGHIJKLMN,aiden.floyd838@privatemail.com
B8lX4pY9qJ,321098765432109,STU12345678901ABC,lily.bryant939@securemail.com
W1kC7uV2xH,210098765432109,QRSTU1234567890CD,benjamin.price040@guardedmail.com
K3mN9oG6jP,109098765432109,567890ABCDEF23456,zoey.henderson141@shieldedmail.com
H7rT2jA8yL,210987654321098,NOPQRSTU123456789,nathan.rose242@fortifiedmail.com
I4nR1oF3uW,321876543210987,GHIJKLMNOPQRSTU12,audrey.cooper343@armoredmail.com
D8vX5iS7wK,432765432109876,34567890ABCDEFGHI,leo.martin444@defendedmail.com
Q6uH2dY9cP,543654321098765,STU1234567890ABCD,stella.hall545@protectedmail.com
O1rW7oK4lA,654543210987654,9012ABCDEFGHIJKLM34,samuel.hughes646@securemail.com
U5sJ9yB6mV,765432109876543,NOPQRSTU123456789,bella.evans747@safemail.com
P3jH8qO1uS,876321098765432,890ABCDEFGHIJKLMNO,aidan.jenkins848@guardedmail.com
C7xW5oL2iR,987210987654321,EFGHIJKLMNOPQRSTU,madison.fisher949@lockedmail.com
Z9kG6pN3aH,987654321012345,456789012345ABCDE,jack.watson050@shieldedmail.com
S2wT7yV4zX,876543210123456,UVWXYZ12345678901,avery.cooper151@fortressmail.com
B5sQ8vU1cK,765432109234567,012345ABCDEF67890,jordan.robinson252@securemail.com
R7jL4oY2mF,654321098345678,STU12345678901234,claire.king353@safehaven.com
E9nS1iP3lR,543210987456789,45678901234567ABC,gabriel.brown454@securitymail.com
X6uV3dA5oN,432109876567890,CDEFGHIJKLMNOPQRST,leah.turner555@guardedmail.com
M2yC8kL7wT,321098765678901,890ABCDE123456789,owen.wilson656@fortifiedmail.com
F4oB9rI6gX,210987654789012,QRSTU1234567890ABC,zoey.allen757@armoredmail.com
V7hT1pY5aJ,109876543890123,890ABCDEFGHIJKLMNO,jacob.foster858@fortifiedmail.com
D3xU6iH8lK,123450987654321,OPQRSTU123456789A,nora.sullivan959@securedmail.com
G9mW2nS1oX,234561098765432,WXYZ1234567890123,elijah.price060@safeguardmail.com
A6yK4sB8qL,345672109876543,CDEFGHIJKLMNOPQRST,ellie.robinson161@protectedmail.com
O1uP7rH3jW,456783210987654,0123456789ABCDEFGHI,cooper.floyd262@securitymail.com
N5oY2iG8pK,567894321098765,QRSTU12345678901AB,holly.brooks363@safeguardmail.com
H9qL6wN3mA,678905432109876,3456ABCDEFGHIJKLMNO,lucas.stewart464@lockdownmail.com
I2nX7vU4dR,789016543210987,PQRSTU1234567890AB,maya.murphy565@protectedmail.com
C8mT3oP1iS,890127654321098,CDEFGHIJKLMNOPQRST,ethan.hall666@safeguardmail.com
Y9zR6xL2wV,901238765432109,6789ABCDEF0123456,chloe.jones767@securemail.com
Q7uH5dV8pK,987654321098012,890ABCDEFGHIJKLMNOP2,noah.bell868@fortifiedmail.com
U2rO9oN4iX,876543210987123,3456789ABCDEFGHIJKL,emma.kelly969@safeguardmail.com
L6gS3wK1mY,765432109876234,CDEFGHIJKLMNOPQRST,carter.fisher070@armoredmail.com
P4jA2yB8lH,654321098765345,456789012ABCDEFGHIJ,addison.johnson171@securedmail.com
W7nT3oR6uV,543210987654456,6789012ABCDEFGHIJKL,owen.white272@fortressmail.com
Z2xL9iH1yG,432109876543567,901ABCDEFGHIJKLMNOP23,lily.hernandez373@safeguardmail.com
X5uV7pB4wQ,321098765432678,NOPQRSTU1234567890,mason.roberts474@lockdownmail.com
K3oH8jW1nM,210098765432789,234567890ABCDEFGHIJ,aria.sullivan575@fortifiedmail.com
E9uI6oY2aP,109098765432890,890ABCDEFGHIJKLMNO,max.robinson676@invisiblemail.com
D3qB7rL5sV,987654321098765,PQRSTU1234567890AB,mia.turner777@mysterymail.com
J1fT4oN7iH,876543210987654,STU123456789012345,henry.hughes878@guardedmail.com
V8dX6iS3wK,765432109876543,890ABCDEFGHIJKLMNO,scarlett.morris979@fortifiedmail.com
M2yA5oH9lN,654321098765432,QRSTU123456789012,liam.anderson080@armoredmail.com
B7rP3mG8jX,543210987654321,4567890123456ABCDE,ella.miller181@securedmail.com
C9kL4uV1dR,432109876543210,2345ABCDEFGHIJKLMNO,grayson.allen282@invisiblemail.com
H6qO1uN8iP,321098765432109,QRSTU1234567890ABC,aubrey.barnes383@securedmail.com
W3nS5oY2vL,210098765432109,56789ABCDEFGHIJKLM,brooklyn.bell484@mysterymail.com
I9pR7jH4aX,109098765432109,OPQRSTU12345678901,zachary.cook585@safeguardmail.com
Y2zX5iS8wK,876543210987654,890ABCDEFGHIJKLMNO,haley.gomez686@invisiblemail.com
G6oN3uV1yJ,765432109876543,QRSTU123456789012,evan.price787@protectedmail.com
F8wT1oB5mR,654321098765432,3456ABCDEFGHIJKLMN,leah.jones888@safeguardmail.com
A4uK7yH2lQ,543210987654321,7890123ABCDEFGHIJKL,miles.floyd989@lockedmail.com
S9iP6lB3wV,432109876543210,2345ABCDEFGHIJKLMNO,clara.robinson090@securitymail.com
N1oY7qR4xK,321098765432109,67890ABCDEFGHIJKLM,owen.murphy191@fortifiedmail.com
D3vO6iN2aH,210098765432109,OPQRSTU12345678901,audrey.roberts292@armoredmail.com
Q8uW1nS5oX,109098765432109,890ABCDEFGHIJKLMNO,isaac.hall393@securedmail.com
U4rA7oP2yV,987654321098765,QRSTU123456789012,ava.morris494@fortifiedmail.com
L6mX3iS1wT,876543210987654,4567ABCDEFGHIJKLMN,jackson.carter595@securitymail.com
P8jH5kL2oR,765432109876543,890ABCDEFGHIJKLMNO,sophie.evans696@safeguardmail.com
C4uV7pS3yB,654321098765432,QRSTU123456789012,landon.hughes797@protectedmail.com